name	description	price	image_src
Липтон Айс Ти - Зеленый Чай	Прохладительный напиток (Средний 400 мл, Большой 500 мл)	65	https://eda.yandex/images/3490902/ac6f397a0ec79d8bfd47651eee9c24f3-450x300.jpeg
Биг Мак	Два бифштекса из 100% говядины на специальной булочке Биг Мак, заправленной луком, двумя кусочками маринованных огурчиков, ломтиком сыра Чеддер, салатом, и специальным соусом Биг Мак	139	https://eda.yandex/images/3377781/9fb800c29701b08bb242255955babb6a-450x300.jpeg
Чикен Макнаггетс (9 шт.)	Неподражаемые Чикен Макнаггетс – это сочное 100% белое куриное мясо в хрустящей панировке со специями. Только натуральная курочка без искусственных красителей и ароматизаторов и без консервантов	99	https://eda.yandex/images/1387779/ca50e56a911e9c77b0b33223f2a64a77-450x300.jpeg
Биг Тейсти	Сандвич с большим, рубленым бифштексом из 100% говядины на булочке с кунжутом. Особенный вкус сандвичу придают три кусочка сыра Эмменталь, два ломтика помидора, салат, лук и пикантный соус Гриль	249	https://eda.yandex/images/3725642/c9c37f367d5228b1c432817e2ec713d0-450x300.png
Картофель Фри	Вкусные, обжаренные в растительном фритюре и слегка посоленные палочки картофеля	67	https://eda.yandex/images/1387779/e6860d949709f6cf5625c8eaf79efcc2-450x300.jpeg
Обед с Биг Тейсти	Сытный обед с легендарным Биг Тейсти! Биг Тейсти – 2 шт., Картофель фри средняя порция – 2 шт., Чикен МакНаггетс (9 шт.) – 1 порция, Соус на выбор – 4 шт.	819	https://eda.yandex/images/3529621/e12c3fe3a04586b5efaea68d585f08fb-450x300.png
Обед с Биг Мак и Чикен МакНаггетс (9 шт.)	Только в МакДоставке! Биг Мак – 2 шт., Чикен Макнаггетс (9 шт.) – 1 порция, Картофель фри средняя порция – 2 шт., Соус на выбор – 4 шт.	599	https://eda.yandex/images/2415806/a6463d10920f864a7c9a484147aebf75-450x300.jpeg
Пара Биг Мак Бекон	Два Биг Мака Бекон по специальной цене!	299	https://eda.yandex/images/3439028/267360044b0a0db922676140e59e576f-450x300.png
Пара Биг Мак	Два Биг Мака по специальной цене!	249	https://eda.yandex/images/3528150/118b7a3a211fc1210f390489324e2bc4-450x300.png
Обед на двоих с Роял	Сытный обед с двумя Роялами только в МакДоставке	576	https://eda.yandex/images/2750126/b3e1230c06ce54d6e555e30984ada4c0-450x300.jpeg
Обед на двоих с Биг Маком	Сытный обед с двумя Биг Маками только в МакДоставке	460	https://eda.yandex/images/3521394/3d96a28f22ada6a2dbf0381ae34eb3fc-450x300.png
Обед на двоих с Макчикен Премьер	Сытный обед с двумя Макчикен Премьер только в МакДоставке	488	https://eda.yandex/images/2370127/12ce6d2d60d6ed352d1b304e7a4b4c29-450x300.jpeg
Выгодная Пара с Латте	Два Латте 300 мл по специальной цене	158	https://eda.yandex/images/3513074/8ac6274a30cbd05c5d86882e1161de4c-450x300.png
Выгодная Пара с Капучино	Два Капучино 300 мл по специальной цене	158	https://eda.yandex/images/3502728/b533e5b51f7fa8d9d94f3652f0836446-450x300.png
Обед с Роял и Чикен МакНаггетс (9 шт.)	Только в МакДоставке! Роял – 2 шт., Чикен МакНаггетс (9 шт.) – 1 порция, Картофель фри средняя порция – 2 шт., Соус на выбор – 4 шт.	-1	https://eda.yandex/images/1962206/750c371fb36c0beb6251e208f9f176af-450x300.jpeg
Макчикен Премьер Пиканто Большой МакКомбо	Большой МакКомбо состоит из Макчикен Премьер Пиканто, Картофеля на выбор и Напитка на выбор. При изменении комплектации цена МакКомбо может измениться.	264	https://eda.yandex/images/3521394/509e559a20cbc34f35ce51864a7499f2-450x300.png
Двойной Биг Тейсти Большой МакКомбо	Большой МакКомбо состоит из Двойного Биг Тейсти, Картофеля на выбор и Напитка на выбор. При изменении комплектации цена МакКомбо может измениться	425	https://eda.yandex/images/3439767/80ec850679f4cff8e5c4c367293237e3-450x300.png
Биг Тейсти Большой МакКомбо	Большой МакКомбо состоит из Биг Тейсти, Картофеля на выбор и Напитка на выбор. При изменении комплектации цена МакКомбо может измениться	351	https://eda.yandex/images/3538649/60b22562c28cafdad86e2fc09b25996a-450x300.png
Двойной Роял Большой МакКомбо	Большой МакКомбо состоит из Двойного Рояла, Картофеля на выбор и Напитка на выбор. При изменении комплектации цена МакКомбо может измениться	344	https://eda.yandex/images/3580810/0b024822cc006a2226420a298dc23e39-450x300.png
Двойной Биг Мак Большой МакКомбо	Большой МакКомбо состоит из Двойного Биг Мака, Картофеля на выбор и Напитка на выбор. При изменении комплектации цена МакКомбо может измениться	327	https://eda.yandex/images/3798638/d67cdd6bc9b28d11bbf3e5190545f312-450x300.png
Биг Тейсти Джуниор Большой МакКомбо	Большой МакКомбо состоит из Биг Тейсти Острый, Картофеля на выбор и Напитка на выбор. При изменении комплектации цена МакКомбо может измениться	321	https://eda.yandex/images/3454897/de0781c5cffd0ada6a2cc5d4b93d2cd4-450x300.png
Двойной Филе-О-Фиш Большой МакКомбо	Большой МакКомбо состоит из Двойного Филе-О-Фиш, Картофеля на выбор и Напитка на выбор. При изменении комплектации цена МакКомбо может измениться	303	https://eda.yandex/images/3585205/ec26c594e345d6c8bbc61126b62b3e51-450x300.png
Роял Де Люкс Большой МакКомбо	Большой МакКомбо состоит из Рояла Де Люкс, Картофеля на выбор и Напитка на выбор. При изменении комплектации цена МакКомбо может измениться	306	https://eda.yandex/images/3541746/d96d7c327d3e438b6ea6cf742bb9a176-450x300.png
Биг Мак Бекон Большой МакКомбо	Большой МакКомбо состоит из Биг Мака Бекон, Картофеля на выбор и Напитка на выбор. При изменении комплектации цена МакКомбо может измениться	260	https://eda.yandex/images/3790679/7062b9c2ce61adc29fab861a4601546f-450x300.png
Филе-О-Фиш Большой МакКомбо	Большой МакКомбо состоит из Филе-О-Фиш, Картофеля на выбор и Напитка на выбор. При изменении комплектации цена МакКомбо может измениться	269	https://eda.yandex/images/3502800/a3739260bc63092308a8d2b95829b90a-450x300.png
Роял Большой МакКомбо	Большой МакКомбо состоит из Рояла, Картофеля на выбор и Напитка на выбор. При изменении комплектации цена МакКомбо может измениться	288	https://eda.yandex/images/3816972/5445f527809c24a18a9dd825ffbf0d1e-450x300.png
Макчикен Премьер Большой МакКомбо	Большой МакКомбо состоит из Макчикен Премьера, Картофеля на выбор и Напитка на выбор. При изменении комплектации цена МакКомбо может измениться	244	https://eda.yandex/images/3559865/a8069e8b4820afe7cde8eccbcdb65087-450x300.png
Биг Мак Большой МакКомбо	Большой МакКомбо состоит из Биг Мака, Картофеля на выбор и Напитка на выбор. При изменении комплектации цена МакКомбо может измениться	230	https://eda.yandex/images/3580810/7fbd680f08a841fc4fc37d9f9356e9c4-450x300.png
Двойной Чизбургер Большой МакКомбо	Большой МакКомбо состоит из Двойного Чизбургера, Картофеля на выбор и Напитка на выбор. При изменении комплектации цена МакКомбо может измениться	229	https://eda.yandex/images/3502728/f9c4387cca590db16813e4fe2e1bac39-450x300.png
Макчикен Большой МакКомбо	Большой МакКомбо состоит из Макчикена, Картофеля на выбор и Напитка на выбор. При изменении комплектации цена МакКомбо может измениться	204	https://eda.yandex/images/3191933/a2d5f7a8497fcd1a90cf867dbfa18363-450x300.png
Биг Тейсти Острый Большой МакКомбо	Большой МакКомбо состоит из Биг Тейсти Острый, Картофеля на выбор и Напитка на выбор. При изменении комплектации цена МакКомбо может измениться	361	https://eda.yandex/images/3529908/57da8fae0209712d124616ef1b2a40b9-450x300.png
Биг Тейсти Бекон Большой МакКомбо	Большой МакКомбо состоит из Биг Тейсти Бекона, Картофеля на выбор и Напитка на выбор. При изменении комплектации цена МакКомбо может измениться	381	https://eda.yandex/images/3454897/5cfb4b5c016331a9dd7275f81b348b03-450x300.png
Цезарь Ролл Большой МакКомбо	Большой МакКомбо состоит из Цезарь Ролла, Картофеля на выбор и Напитка на выбор. При изменении комплектации цена МакКомбо может измениться	304	https://eda.yandex/images/3682162/2a26ce433d2352a298b931681d43d250-450x300.png
Биг Тейсти Ролл Большой МакКомбо	Большой МакКомбо состоит из Биг Тейсти Ролла, Картофеля на выбор и Напитка на выбор. При изменении комплектации цена МакКомбо может измениться	314	https://eda.yandex/images/3191933/5794d8509d25c04f1b524d73b438fb84-450x300.png
Шримп Ролл Большой МакКомбо	Большой МакКомбо состоит из Шримп Ролла, Картофеля на выбор и Напитка на выбор. При изменении комплектации цена МакКомбо может измениться	359	https://eda.yandex/images/3508859/2bdb2fc33d775d02bc420e3d83e32f91-450x300.png
Креветки (9 шт.) Большой МакКомбо	Большой МакКомбо состоит из Креветок (9 шт.), Картофеля на выбор и Напитка на выбор. При изменении комплектации цена МакКомбо может измениться	435	https://eda.yandex/images/3507787/9403928685ddb4e2af68dcade76ca713-450x300.png
Креветки (6 шт.) Большой МакКомбо	Большой МакКомбо состоит из Креветок (6 шт.), Картофеля на выбор и Напитка на выбор. При изменении комплектации цена МакКомбо может измениться	345	https://eda.yandex/images/3667559/079411fb35fb8b5b2d381b82df7170fc-450x300.png
Куриные Крылышки (7 шт.) Большой МакКомбо	Большой МакКомбо состоит из Куриных Крылышек (7 шт.), Картофеля на выбор и Напитка на выбор. При изменении комплектации цена МакКомбо может измениться	369	https://eda.yandex/images/3529908/12c46fd8ccdd35b1e16c0c0e902e349d-450x300.png
Куриные Крылышки (5 шт.) Большой МакКомбо	Большой МакКомбо состоит из Куриных Крылышек (5 шт.), Картофеля на выбор и Напитка на выбор. При изменении комплектации цена МакКомбо может измениться	305	https://eda.yandex/images/3781088/eddead45a797f184f73602addae46f4e-450x300.png
Куриные Крылышки (3 шт.) Большой МакКомбо	Большой МакКомбо состоит из Куриных Крылышек (3 шт.), Картофеля на выбор и Напитка на выбор. При изменении комплектации цена МакКомбо может измениться	255	https://eda.yandex/images/3512826/a3438788af61e68878b979a7f890379d-450x300.png
Куриные Стрипсы (7 шт) Большой  МакКомбо	Большой МакКомбо состоит из Куриных Стрипсов (7 шт.), Картофеля на выбор и Напитка на выбор. При изменении комплектации цена МакКомбо может измениться	319	https://eda.yandex/images/3507787/6571ac33ae56fb827ed02112a556fd62-450x300.png
Куриные Стрипсы (5 шт.) Большой МакКомбо	Большой МакКомбо состоит из Куриных Стрипсов (5 шт.), Картофеля на выбор и Напитка на выбор. При изменении комплектации цена МакКомбо может измениться	269	https://eda.yandex/images/3518584/16cc9fb9958705e0d155e1d9582e0d6f-450x300.png
Куриные Стрипсы (3 шт.) Большой МакКомбо	Большой МакКомбо состоит из Куриных Стрипсов (3 шт.), Картофеля на выбор и Напитка на выбор. При изменении комплектации цена МакКомбо может измениться	215	https://eda.yandex/images/3507668/e73488022ff5bc261807c6748a2c7d23-450x300.png
Чикен Макнаггетс (9 шт.) Большой МакКомбо	Большой МакКомбо состоит из Чикен Макнаггетс (9 шт.), Картофеля на выбор и Напитка на выбор. При изменении комплектации цена МакКомбо может измениться	215	https://eda.yandex/images/3512182/005e681e9a3b2811d8dc3c6c0ee7c98c-450x300.png
Чикен Макнаггетс (6 шт.) Большой МакКомбо	Большой МакКомбо состоит из Чикен Макнаггетс (6 шт.), Картофеля фри на выбор и Напитка на выбор. При изменении комплектации цена МакКомбо может измениться	195	https://eda.yandex/images/3491582/dcc8842cad342ee8379bd7d3ae770424-450x300.png
Макчикен Премьер Пиканто	Сочная куриная котлета в хрустящей панировке заправленная ароматным соусом с нотками чеснока, сыр Чеддер, ароматный бекон, ломтик помидора, свежий салат, маринованные огурчики и, конечно, та самая булочка с кунжутом	165	https://eda.yandex/images/1962206/88629067256d368d7b30efb9d812c142-450x300.jpeg
Двойной Биг Тейсти	Бургер с двумя большими рублеными бифштексами из 100% говядины на булочке с кунжутом. Особенный вкус сандвичу придают соус Гриль с дымком, 3 кусочка сыра Эмменталь, ломтик помидора, свежий салат и лук	325	https://eda.yandex/images/3525402/e14da7a6e97604b3f18f45953a6122bc-450x300.png
Биг Тейсти	Сандвич с большим, рубленым бифштексом из 100% говядины на булочке с кунжутом. Особенный вкус сандвичу придают три кусочка сыра Эмменталь, два ломтика помидора, салат, лук и пикантный соус Гриль	249	https://eda.yandex/images/3725642/c9c37f367d5228b1c432817e2ec713d0-450x300.png
Двойной Роял	Два сочных бифштекса из натуральной говядины, приготовленных на гриле, карамелизованная булочка с кунжутом, два ломтика сыра Чеддер, лук, маринованные огурчики, кетчуп и горчица	225	https://eda.yandex/images/3512826/d3457e1417acd6bd9389269b3c8972d0-450x300.png
Двойной Биг Мак	Большой бургер с четырьмя рублеными бифштексами из натуральной цельной говядины на булочке Биг Мак, заправленной луком, маринованными огурчиками, сыром Чеддер, салатом и специальным соусом Биг Мак	199	https://eda.yandex/images/3709189/1aec1e0c3f4bf1bf50f9d7788c621629-450x300.jpeg
Биг Тейсти Джуниор	Тот самый Бургер с рубленым бифштексом из 100% говядины на булочке с кунжутом, два кусочка сыра Эмменталь, свежий салат, лук, ломтик помидора и особенный соус Гриль с дымком	200	https://eda.yandex/images/1380157/6b4b892e3fc1bf3e0bb2a06fce4104fb-450x300.jpeg
Тройной Чизбургер	Три рубленных бифштекса из натуральной говядины на карамелизованной булочке, с тремя ломтиками сыра Чеддер, кетчупом, горчицей, луком и маринованными огурчиками	169	https://eda.yandex/images/3518584/17ea775bb093f49b65e3e58636791735-450x300.jpeg
Двойной Филе-О-Фиш	Два кусочка филе рыбы (семейство тресковых), которые подаются на пышной пропаренной булочке с кусочком сыра Чеддер. Сандвич заправлен соусом Тар-Тар	184	https://eda.yandex/images/3724421/b63b3b833e143ddb48f2e34cf278e00a-450x300.jpeg
Роял Де Люкс	Сочный, большой бифштекс из 100% говядины, булочка с кунжутом, сыр Чеддер, хрустящий салат маринованные огурцы, помидор, свежий лук, соус Макчикен, кетчуп, горчица	169	https://eda.yandex/images/3806023/e6dea0c5123590a8cb9fa2e6b431bd4d-450x300.png
Биг Мак Бекон	Новое непревзойденное сочетание классического вкуса Биг Мака и бекона	169	https://eda.yandex/images/3531870/a56c80f14f6891136e1dea0bdde23451-450x300.png
Филе-О-Фиш	Филе хорошо прожаренной рыбы (семейства тресковых), которое подается на пропаренной булочке с половинкой кусочка сыра Чеддер, заправленной специальным соусом Тар-Тар	159	https://eda.yandex/images/3798638/a4e604e6c0c03e16f874eba02867c2b2-450x300.jpeg
Роял	Сочный бифштекс из натуральной говядины, приготовленный на гриле, карамелизованная булочка с кунжутом, два ломтика сыра Чеддер, кетчуп, горчица, свежий лук и маринованные огурчики	149	https://eda.yandex/images/3378693/8471170502d8107abe85a830b5d67c5b-450x300.png
Макчикен Премьер	Сочная куриная котлета в хрустящей панировке, сыр Чеддер, ароматный бекон, ломтик помидора, свежий салат, специальный соус и, конечно, та самая булочка с кунжутом	152	https://eda.yandex/images/2806911/5910ae72ad72c83464dac68ca4ac66ee-450x300.jpeg
Биг Мак	Два бифштекса из 100% говядины на специальной булочке Биг Мак, заправленной луком, двумя кусочками маринованных огурчиков, ломтиком сыра Чеддер, салатом, и специальным соусом Биг Мак	139	https://eda.yandex/images/3377781/9fb800c29701b08bb242255955babb6a-450x300.jpeg
Двойной Чизбургер	Два рубленых бифштекса из натуральной цельной говядины с двумя кусочками сыра Чеддер на карамелизованной булочке, заправленной горчицей, кетчупом, луком и двумя кусочками маринованного огурчика	133	https://eda.yandex/images/2415806/091b592ae40398c1aa6eb03b34841c18-450x300.jpeg
Макчикен	Карамелизированная булочка с семенами кунжута, обжаренная куриная котлета из сочного куриного мяса, специальный соус Макчикен и салат Айсберг	100	https://eda.yandex/images/3807432/5674175bf7d7738c364107f23878e07d-450x300.jpeg
Чикенбургер	Обжаренная куриная котлета из сочного куриного мяса, панированная в сухарях, которая подается на карамелизованной булочке, заправленной свежим салатом и специальным соусом Макчикен	50	https://eda.yandex/images/3559865/6ce9a20e22bc84e47c7194be8df93920-450x300.jpeg
Чизбургер	Рубленый бифштекс из натуральной цельной говядины с кусочками сыра Чеддер на карамелизованной булочке, заправленной горчицей, кетчупом, луком и кусочком маринованного огурчика	54	https://eda.yandex/images/3191933/a3adc08442656b0dbcb7df0c76a775d6-450x300.jpeg
Гамбургер	Рубленый бифштекс из натуральной цельной говядины на карамелизованной булочке, заправленной горчицей, кетчупом, луком и кусочком маринованного огурчика	48	https://eda.yandex/images/3735503/c2c1eaf6cae75c1be5e8110170a2e89b-450x300.jpeg
Биг Тейсти Острый	Бургер с большим, рубленым бифштексом из 100% говядины на булочке с кунжутом. Особенный вкус бургеру придают острый соус Чураско и соус Гриль с дымком, три кусочка сыра Эмменталь и свежие овощи	259	https://eda.yandex/images/1380298/14bf5ed9c948bdf4f66693bde4cbdbbb-450x300.jpeg
Биг Тейсти Бекон	Биг Тейсти с бифштексом из 100% рубленой говядины, сыром Эмменталь, знаменитым соусом с дымком и беконом	279	https://eda.yandex/images/3583862/21d0160cb3712fb36e8d24f114d758f5-450x300.jpeg
Цезарь Ролл	100% белое куриное мясо в хрустящей панировке, ломтик помидора, листья салата и ломтики твёрдого сыра, заправленные специальным соусом и завёрнутые в пшеничную лепешку	163	https://eda.yandex/images/3534679/d046566e9d6389c2f99ba6f16a7b6c7a-450x300.jpeg
Биг Тейсти Ролл	Два сочных бифштекса из 100% говядины, свежие овощи, сыр, специальный соус Гриль с дымком и все это в пшеничной лепешке	179	https://eda.yandex/images/1380298/1e1c6a0c6e3eed12ba42166baef21c0b-450x300.jpeg
Шримп Ролл	Нежные креветки в хрустящей панировке, свежий салат Айсберг и лук в пресной пшеничной лепешке, заправленной специальным соусом	224	https://eda.yandex/images/1387779/f2d512e2ecedf684fbae27a985f7ac0e-450x300.jpeg
Большие Креветки (18 шт.)	Королевские креветки в хрустящей панировке. Еще аппетитнее с соусом 1000 островов. Легко. Изыскано. Вкусно	629	https://eda.yandex/images/3191933/0b64793eb59f9a56621579914ec8f219-450x300.jpeg
Большие Креветки (9 шт.)	Королевские креветки в хрустящей панировке. Еще аппетитнее с соусом 1000 островов. Легко. Изыскано. Вкусно	325	https://eda.yandex/images/1370147/74c9c8f6cd1c7c6b3bdf238f7dfcbb16-450x300.jpeg
Большие Креветки (6 шт.)	Королевские креветки в хрустящей панировке. Еще аппетитнее с соусом 1000 островов. Легко. Изыскано. Вкусно	229	https://eda.yandex/images/1380157/34aa56ddc18e2f74ac0fa2fb91361640-450x300.jpeg
Куриные Крылышки (7 шт.)	Аппетитные куриные крылышки в пикантной, хрустящей панировке. Еще вкуснее с соусом Барбекю!	249	https://eda.yandex/images/3816972/7e974af57da07722e788ee6771aee9ef-450x300.jpeg
Куриные Крылышки (5 шт.)	Аппетитные куриные крылышки в пикантной, хрустящей панировке. Еще вкуснее с соусом Барбекю!	185	https://eda.yandex/images/3808326/48d14cce9289ecc03d0541a80d3127f4-450x300.jpeg
Куриные Крылышки (3 шт.)	Аппетитные куриные крылышки в пикантной, хрустящей панировке. Еще вкуснее с соусом Барбекю!	124	https://eda.yandex/images/3770794/d02961475750c02884da962dffdef5bb-450x300.jpeg
Стрипсы (7 шт.)	Сочная, нежная курица в хрустящей панировке. Попробуйте новые стрипсы от Макдоналдс из 100% белого мяса!	189	https://eda.yandex/images/3435765/76ad1ee8193eabd02b604090704d6ab4-450x300.png
Стрипсы (5 шт.)	Сочная, нежная курица в хрустящей панировке. Попробуйте новые стрипсы от Макдоналдс из 100% белого мяса!	139	https://eda.yandex/images/3512826/5d1096c64144ef1226d1be66ddd2db30-450x300.jpeg
Стрипcы (3 шт.)	Сочная, нежная курица в хрустящей панировке. Попробуйте новые стрипсы от Макдоналдс из 100% белого мяса!	85	https://eda.yandex/images/3191933/87ff36556eccf7841449588b1acc41af-450x300.jpeg
Чикен Макнаггетс (18 шт.)	Неподражаемые Чикен Макнаггетс – это сочное 100% белое куриное мясо в хрустящей панировке со специями. Только натуральная курочка без искусственных красителей и ароматизаторов и без консервантов	195	https://eda.yandex/images/3472725/4afb840c0b281385919f3c22c4d436b9-450x300.jpeg
Чикен Макнаггетс (9 шт.)	Неподражаемые Чикен Макнаггетс – это сочное 100% белое куриное мясо в хрустящей панировке со специями. Только натуральная курочка без искусственных красителей и ароматизаторов и без консервантов	99	https://eda.yandex/images/1387779/ca50e56a911e9c77b0b33223f2a64a77-450x300.jpeg
Чикен Макнаггетс (6 шт.)	Неподражаемые Чикен Макнаггетс – это сочное 100% белое куриное мясо в хрустящей панировке со специями. Только натуральная курочка без искусственных красителей и ароматизаторов и без консервантов	69	https://eda.yandex/images/1380157/afa725df37be4beefd0b0f085c674f0e-450x300.jpeg
Сырные Палочки (3 шт.)	Вкуснейшие сырные палочки в хрустящей панировке.	99	https://eda.yandex/images/3529908/bb1827fae00d5172b9d90310aed0316e-450x300.jpeg
Большой Снэк Бокс с Крыльями	Пикантные Куриные крылышки в хрустящей панировке – 4 шт. Неподражаемые Чикен МакНаггетс – 4 шт. Сырные палочки – 4 шт. 2 стандартные порции Картофеля фри	409	https://eda.yandex/images/3709189/b02297defa9dbf271c4be748374ebc41-450x300.png
Большой Снэк Бокс со Стрипсами	Сочные и нежные Стрипсы – 4 шт. Неподражаемые Чикен МакНаггетс – 4 шт. Сырные палочки – 4 шт. 2 стандартные порции Картофеля фри	379	https://eda.yandex/images/3550919/f05b7b2e3e2c72ce7d16cac7f717c523-450x300.png
Снэк Бокс с Крыльями	Пикантные Куриные крылышки в хрустящей панировке – 2 шт. Неподражаемые Чикен МакНаггетс – 2 шт. Сочные и нежные Стрипсы – 2 шт. Стандартная порция Картофеля фри	199	https://eda.yandex/images/3808326/2554689af40bf74c3887e0564c473320-450x300.png
Снэк Бокс	Неподражаемые Чикен МакНаггетс – 3 шт. Сочные и нежные Стрипсы – 2 шт. Маленькая порция Картофеля фри	145	https://eda.yandex/images/3454897/64e93867e87b952234c57425dbe2d11b-450x300.png
Наггетс Бокс	Неподражаемые Чикен МакНаггетс – 5 шт. Маленькая порция Картофеля фри	85	https://eda.yandex/images/3735503/3c0592e36bb94a8207a704aa648ed89c-450x300.jpeg
Салфетка влажная		2	https://eda.yandex/images/1387779/a0ebce14f47a9f6bd1735032419afe30-450x300.jpeg
Сырные Палочки 4 Сыра (3 шт.)	Вкуснейшие сырные палочки, обжаренные в хрустящей панировке. Сочетание сыров Моцарелла, Гауда, Чеддер и Пармезан	-1	https://eda.yandex/images/3813301/9781fac47a2bcec234776e42d5377941-450x300.jpeg
Макфлейфор Фрайз Барбекю с  Беконом	Любимый Картофель фри с соусом Барбекю и беконом	149	https://eda.yandex/images/3525661/972be167a6e0d1aad6a2714f4a5ae140-450x300.png
Макфлейфор Фрайз по Деревенски Барбекю с Беконом	Любимый Картофель по-деревенски с соусом Барбекю и беконом	149	https://eda.yandex/images/3550919/74b03975d4366b9b52e778f491aa2fb6-450x300.png
Картофель по-деревенски	Вкусные, обжаренные в растительном фритюре ломтики картофеля со специями.	77	https://eda.yandex/images/1380298/cf9283e5f7eceaf38c9df534614ac629-450x300.jpeg
Картофель Фри	Вкусные, обжаренные в растительном фритюре и слегка посоленные палочки картофеля	67	https://eda.yandex/images/1387779/e6860d949709f6cf5625c8eaf79efcc2-450x300.jpeg
Яблочные дольки	Отборные, нарезанные дольками, свежие яблоки	55	https://eda.yandex/images/3807631/984be034d673a1333d0c9e5d6472f67b-450x300.jpeg
Морковные палочки	Отборная, нарезанная палочками, свежая морковка	55	https://eda.yandex/images/3525402/9fa7b10d49e82bd5cfef4c62aea11050-450x300.jpeg
Салфетка влажная		2	https://eda.yandex/images/1387779/a0ebce14f47a9f6bd1735032419afe30-450x300.jpeg
Салат овощной	Хрустящие листья салата Айсберг, сочные томаты черри и маслины	99	https://eda.yandex/images/3502490/b85dd762a1961fcd8d2738f3aaab1170-450x300.jpeg
Салат Цезарь	Хрустящие листья салата Айсберг, сочные томаты черри, ароматный тертый сыр пармезан и нежнейшие куриные стрипсы	149	https://eda.yandex/images/3583740/c6733e27657f7ee88eba4aec0c52bee6-450x300.jpeg
Салат Цезарь с креветками	Хрустящие листья салата Айсберг, сочные томаты черри, ароматный тертый сыр пармезан и жаренные креветки в панировке	229	https://eda.yandex/images/3784951/d1aa3065e2b92d03b297f11c4aec61eb-450x300.jpeg
Яблочное пюре Агуша	Фруктовое пюре	55	https://eda.yandex/images/3559865/7c145882b95bab8618f2d74a383305c7-450x300.png
Донат с ванильным кремом	Аромантый донат с нежной начинкой из ванильного крема, покрытый белой и шоколадной глазурью	89	https://eda.yandex/images/3491582/5369e2c6d5d09d45fea01197d21b10df-450x300.jpeg
Донат с шоколадным кремом	Нежный донат с шоколадно-кремовой начинкой, покрытый молочной и шоколадной глазурью	89	https://eda.yandex/images/1380157/dbb9463e3493ce5da13308d6d3929d0d-450x300.jpeg
Макфлурри Вишневый пирог	Мороженое из цельного молока, взбитое с сочным топпингом с натуральными кусочками вишни и кубиками мягкого шоколадного бисквита	125	https://eda.yandex/images/3559865/b0f8c9004feb06d11d22d361a723b579-450x300.jpeg
Макфлурри Де Люкс Карамельно-Шоколадное	Мороженое из натурального цельного молока, взбитое с добавкой сливочной помадки с вафельно-шоколадной крошкой	114	https://eda.yandex/images/3580810/ab5285d3671f3f02e9c2f648d5ca579b-450x300.jpeg
Макфлурри Де Люкс Клубнично-Шоколадное	Мороженое из натурального цельного молока, взбитое с клубничным наполнителем и с вафельно-шоколадной крошкой	114	https://eda.yandex/images/3774488/408c4398f72d235df63489569602314e-450x300.jpeg
Пирожок Лесная ягода	Пирожок Лесная ягода — горячий пирожок из слоеного теста с хрустящей корочкой и начинкой из ягод черники, малины, ежевики, клубники и смородины	59	https://eda.yandex/images/3813301/c32109afa8004d09b31bc54b091fa64b-450x300.png
Пирожок Вишневый	Обжаренный во фритюре пирожок со сладкой начинкой из вишни	52	https://eda.yandex/images/1380157/7b5ee9b3e84ba0c34480280354a1b188-450x300.jpeg
Салфетка влажная		2	https://eda.yandex/images/1387779/a0ebce14f47a9f6bd1735032419afe30-450x300.jpeg
Пирожок Клубника-Малина	Два горячих мини-пирожка из хрустящего теста с начинкой из ароматных ягод клубники и малины	-1	https://eda.yandex/images/3528285/09bc1dab0b47ddde32d1c7b7084f23bb-450x300.jpeg
Соус Терияки	Классический  солоновато-сладкий соус  Азиатской  кухни на основе соевого соуса	30	https://eda.yandex/images/1387779/b67e77b0ca42c29c3238704a22762f40-450x300.jpeg
Соус Чесночный	Пикантный соус с нежным сливочно-чесночным вкусом	30	https://eda.yandex/images/1380157/74ae9cfa41ba13b25818fda5df2b76b6-450x300.jpeg
Соус Сырный		30	https://eda.yandex/images/1368744/ddc1ca8e52e8ee5674214ef9cdd181fc-450x300.jpeg
Соус Кисло-Сладкий		30	https://eda.yandex/images/1380157/7f7ddfbbf1c27f0a169147665a992887-450x300.jpeg
Соус Барбекю		30	https://eda.yandex/images/1387779/e4ef5f4b7d55087baef2035214336fb8-450x300.jpeg
Соус Горчичный		30	https://eda.yandex/images/1387779/5d4a98f78bea9b63f8164b550ae7debd-450x300.jpeg
Соус Тысяча Островов		30	https://eda.yandex/images/1380298/ac236f6465b73f06b793668934163853-450x300.jpeg
Соус Сладкий Чили		30	https://eda.yandex/images/1380157/dc89c409a43b53ed68fc47421c6a3b6a-450x300.jpeg
Кетчуп		30	https://eda.yandex/images/1380298/3aac3ac9439ee29476251c277cf70ca9-450x300.jpeg
Соус Цезарь	Классическая заправка Цезарь с кислинкой лимона и сливочным вкусом	30	https://eda.yandex/images/3595381/e11a23077b6393044bcce864f052fceb-450x300.jpeg
Оливковое масло	Натуральное оливковое масло высшей категории со свежим ароматом и гармоничным вкусом идеально дополнит вкус салатов	30	https://eda.yandex/images/3595156/d019d2b7786404efe869aabe36267f78-450x300.jpeg
Молочный Коктейль Клубничный	Великолепно взбитый коктейль, приготовленный из высококачественной молочной смеси и клубничного сиропа (Средний 470 мл, Большой 600 мл)	107	https://eda.yandex/images/3337779/9501bada7f49bf7eff783f09b1916691-450x300.jpeg
Молочный Коктейль Ванильный	Великолепно взбитый коктейль, приготовленный из высококачественной молочной смеси и ванильного сиропа (Средний 470 мл, Большой 600 мл)	107	https://eda.yandex/images/3508859/9b27427887fd29a7e8e34037aa386dd5-450x300.jpeg
Молочный Коктейль Шоколадный	Великолепно взбитый коктейль, приготовленный из высококачественной молочной смеси и шоколадного сиропа (Средний 470 мл, Большой 600 мл)	107	https://eda.yandex/images/3528285/59813bff141750cfd3f17b48c7e3a726-450x300.jpeg
Выгодная Пара с Капучино	Два Капучино 300 мл по специальной цене	158	https://eda.yandex/images/3502728/b533e5b51f7fa8d9d94f3652f0836446-450x300.png
Выгодная Пара с Латте	Два Латте 300 мл по специальной цене	158	https://eda.yandex/images/3513074/8ac6274a30cbd05c5d86882e1161de4c-450x300.png
Капучино Кленовый пекан	Молочный напиток с тонким ароматом эспрессо и плотной шапкой молочной пены со вкусом кленового сиропа и ореха пекан	128	https://eda.yandex/images/2750126/9c7d5eacad828d7728db097c396d9866-450x300.png
Пунш Пряная вишня-Смородина	Согревающий напиток на основе натурального пюре из ягод вишни и черной смородины с легкой ноткой пряности	99	https://eda.yandex/images/3770794/d6db1ead52c908d4449a62717e729d08-450x300.png
Латте	Молочный напиток с тонким ароматом эспрессо и нежной молочной пеной (Средний 300 мл, Большой 400 мл)	99	https://eda.yandex/images/3595381/a7558362f56f6da05faefcffcff027b8-450x300.jpeg
Капучино	Молочный напиток с тонким ароматом эспрессо и плотной шапкой молочной пены (Средний 300 мл, Большой 400 мл)	99	https://eda.yandex/images/3806023/d72ad58c300a729c3990e9421a90d9e3-450x300.jpeg
Американо	Чёрный кофе на основе порции эспрессо и горячей воды (Средний 300 мл, Большой 400 мл)	84	https://eda.yandex/images/3809330/cadf38fa3573ef9ded8e8d79603445ba-450x300.jpeg
Чай черный Эрл Грей	Чай черный с бергамотом Эрл Грей (Средний 300 мл)	70	https://eda.yandex/images/3583862/0cfc46323f484a6932d13b8acde46800-450x300.jpeg
Чай черный	Чай черный (Средний 300 мл)	70	https://eda.yandex/images/3436037/c051e7c09ac844987cce61a7e0f47902-450x300.jpeg
Чай зеленый	Чай зеленый (Средний 300 мл)	70	https://eda.yandex/images/3490335/7a591336d5ad293962259ea532e1e854-450x300.jpeg
Питьевая вода Аква Минерале газированная	Минеральная вода с газом (500 мл)	75	https://eda.yandex/images/1370147/ac6d9c3fe37c6617501f42d1204b96a3-450x300.jpeg
Питьевая вода Аква Минерале негазированная	Минеральная вода без газа (500 мл)	75	https://eda.yandex/images/1368744/ac8e8cebf5da90a06018e010017815a3-450x300.jpeg
Кока-Кола	Прохладительный газированный напиток (Средний 400 мл, Большой 500 мл)	65	https://eda.yandex/images/2394388/bb1392faa1b4602b9a559e36b78470ba-450x300.jpeg
Кока-Кола Без сахара	Прохладительный газированный напиток (Средний 400 мл, Большой 500 мл)	65	https://eda.yandex/images/2394388/bb1392faa1b4602b9a559e36b78470ba-450x300.jpeg
Спрайт	Прохладительный газированный напиток (Средний 400 мл, Большой 500 мл)	65	https://eda.yandex/images/3502728/c159a595e726212c51d57dec7d7e7e47-450x300.jpeg
Фанта	Прохладительный газированный напиток (Средний 400 мл, Большой 500 мл)	65	https://eda.yandex/images/3439028/3e383fcd73a9855d7d653b321f964fc3-450x300.jpeg
Липтон Айс Ти - Лимон	Прохладительный напиток (Средний 400 мл, Большой 500 мл)	65	https://eda.yandex/images/3490335/1019d565b6dc75aab208c3e8bcde43e2-450x300.jpeg
Липтон Айс Ти - Зеленый Чай	Прохладительный напиток (Средний 400 мл, Большой 500 мл)	65	https://eda.yandex/images/3490902/ac6f397a0ec79d8bfd47651eee9c24f3-450x300.jpeg
Апельсиновый сок	Свежевосстановленный апельсиновый сок (Средний 470 мл, Большой 600 мл)	84	https://eda.yandex/images/3749380/2681e3356e55ff13d0c35cf2819b3d74-450x300.jpeg
Яблочный Сок	Свежевосстановленный яблочный сок (Средний 470 мл, Большой 600 мл)	84	https://eda.yandex/images/3798638/267cba94ca4cbd23d9277358b2ac2be6-450x300.jpeg
Молоко	Молоко стерилизованное, классическое, жирность 3.5%, 200 мл	-1	https://eda.yandex/images/1368744/d04a5880a7c571245f8ef5ce4f29e726-450x300.jpeg
Хэппи Мил с игрушкой		189	https://eda.yandex/images/3531870/f7a3347a01365dcfedee2061e55cea71-450x300.png
Хэппи Мил с Сырными палочками или Салатом Овощным	Хэппи Мил с Сырными палочками или Салатом Овощным Мир Юрского периода	189	https://eda.yandex/images/3378693/e3a69eddeb9f95752627d3ed94e5285e-450x300.png
Игрушка из серии Мир Юрского периода	Игрушка Хэппи Мил в ассортименте	99	https://eda.yandex/images/3568095/63582cf112a5afdf84f2c54722c17ad1-450x300.png
Книжка Детективы Коротышки	Книжка Детективы Коротышки в ассортименте	99	https://eda.yandex/images/1962206/2a55d0b8b0092bfab58573e5198d01cf-450x300.png
Хэппи Мил Стандартный	Хэппи Мил Стандартный Детективы Коротышки	189	https://eda.yandex/images/2796335/fbf13907529c3db17032350eee58cb8f-450x300.jpeg
Хэппи Мил с Сырными палочками или Салатом Овощным	Хэппи Мил с Сырными палочками или Салатом Овощным Детективы Коротышки	189	https://eda.yandex/images/3525402/a83f084712ee22828a665f3026bbb1be-450x300.jpeg
Игрушка Вся правда о медведях	Игрушка Хэппи Мил в ассортименте	99	https://eda.yandex/images/1368744/caa1e6b517881da1bf9b3aa69825d94f-450x300.png
Яблочные дольки	Отборные, нарезанные дольками, свежие яблоки	55	https://eda.yandex/images/3807631/984be034d673a1333d0c9e5d6472f67b-450x300.jpeg
Морковные палочки	Отборная, нарезанная палочками, свежая морковка	55	https://eda.yandex/images/3525402/9fa7b10d49e82bd5cfef4c62aea11050-450x300.jpeg
Яблочное пюре Агуша	Фруктовое пюре	55	https://eda.yandex/images/3559865/7c145882b95bab8618f2d74a383305c7-450x300.png
Хэппи Мил Стандартный	Хэппи Мил Стандартный Том и Джерри	-1	https://eda.yandex/images/3559865/dc11256647e3d3a80ec172b0f288f3d7-450x300.png
Хэппи Мил Обед с игрушкой	Хэппи Мил Обед с игрушкой Космический Джем	-1	https://eda.yandex/images/3806466/842f7cd6a8344e494bdf7b1002a136a9-450x300.png
Хэппи Мил с Сырными палочками или Салатом Овощным	Хэппи Мил с Сырными палочками или Салатом Овощным Том и Джерри	-1	https://eda.yandex/images/3725642/6e81abede2ab42237c2bff258537fdcb-450x300.png
Хэппи Мил с Салатом Овощным или Сырными палочками	Хэппи Мил с Салатом Овощным или Сырными палочками Космический Джем	-1	https://eda.yandex/images/3596693/dfb38d1d3c97816c2de549dd104ad693-450x300.png
ИГРУШКА Том и Джерри	Игрушка Том и Джерри в ассортименте	-1	https://eda.yandex/images/2415806/99b91103f546657777de9e516983fbeb-450x300.png
Игрушка из серии Космический Джем	Игрушка Хэппи Мил в ассортименте	-1	https://eda.yandex/images/3506707/f42e807a2c53dfefc163344321461850-450x300.png
Игрушка Тинни Тай	Игрушка Хэппи Мил в ассортименте	-1	https://eda.yandex/images/1370147/5238a8639f5045fb18205d91ccd79fe9-450x300.png
Хэппи Мил с Салатом Овощным или Сырными палочками	Хэппи Мил с Салатом Овощным или Сырными палочками Космический Джем	-1	https://eda.yandex/images/3596693/dfb38d1d3c97816c2de549dd104ad693-450x300.png
Хэппи Мил с Салатом Овощным или Сырными палочками	Хэппи Мил с Салатом Овощным или Сырными палочками Вся правда о медведях	-1	https://eda.yandex/images/3806466/e21cd9365628fa4f1b8e2c8d90a82e80-450x300.png
Игрушка Лего Фильм	Игрушка Хэппи Мил в ассортименте	-1	https://eda.yandex/images/1380157/febb77ebcaea1ce98c10b3d17d018913-450x300.png
Хэппи Мил с Салатом Овощным или Сырными палочками	Хэппи Мил с Салатом Овощным или Сырными палочками Лего Фильм	-1	https://eda.yandex/images/3525661/67c6a87a4d3316918221e47fff0856c6-450x300.png
Хэппи Мил Обед с игрушкой	Хэппи Мил Обед с игрушкой Лего Фильм	-1	https://eda.yandex/images/3191933/659551d4d18dbe0dc7ca18303e9ec461-450x300.png
Большой Завтрак	Булочка, омлет, котлета из свинины, картофельный оладушек, джем (клубничный или абрикосовый) или мёд	-1	https://eda.yandex/images/1387779/7e11a9e73eb60a136471b35b4b4136a0-450x300.jpeg
Биг Брекфаст Ролл	Свиная котлета, бекон, омлет, сыр Чеддер , картофельная котлета, лепёшка, кетчуп	-1	https://eda.yandex/images/1368744/a7c96b9db243bfb8216b5631ec026278-450x300.jpeg
Биг Брекфаст Ролл МакКомбо Большой	МакКомбо Большой состоит из Биг Брекфаст Ролла, Картофеля фри (бол.) или 2 Картофельных оладушков и Напитка на выбор. При изменении комплектации цена МакКомбо может измениться.	-1	https://eda.yandex/images/3502800/e674b1bbf3a8bdd7b7e90d69a3645b2e-450x300.png
Двойной МакМаффин с яйцом и свиной котлетой	Булочка с яйцом, две свиные котлеты, сыр Чеддер	-1	https://eda.yandex/images/1387779/f5b79b99ab6d66387689a86a6820b5d8-450x300.jpeg
Двойной МакМаффин с яйцом и свиной котлетой МакКомбо Большой	МакКомбо Большой состоит из Двойного МакМаффина, Картофеля фри (бол.) или 2 Картофельных оладушков и Напитка на выбор. При изменении комплектации цена МакКомбо может измениться.	-1	https://eda.yandex/images/3813301/3996af01feb238244205454d761d2c93-450x300.png
Двойной Фреш МакМаффин	Булочка, две свиные котлеты, сыр Чеддер, помидор, салат Айсберг, соус Мак Чикен	-1	https://eda.yandex/images/1368744/c65606ffb64082f2cffa7ebdf6a5b6be-450x300.jpeg
Двойной Фреш МакМаффин МакКомбо Большой	МакКомбо Большой состоит из Двойного Фреш МакМаффина, Картофеля фри (бол.) или 2 Картофельных оладушков и Напитка на выбор. При изменении комплектации цена МакКомбо может измениться.	-1	https://eda.yandex/images/3208959/53108677f75530628abc72569b844f60-450x300.png
Фреш Ролл	Свиная котлета, салат Айсберг, помидор, омлет, сыр Чеддер,  лепёшка, соус горчичный с хреном	-1	https://eda.yandex/images/1380157/33442581f77f71a69de34edc52de085e-450x300.jpeg
Фреш Ролл МакКомбо Большой	МакКомбо Большой состоит из Фреш Ролла, Картофеля фри (бол.) или 2 Картофельных оладушков и Напитка на выбор. При изменении комплектации цена МакКомбо может измениться.	-1	https://eda.yandex/images/3506707/73fd7d401e7e417f4e8ead0823a95285-450x300.png
Фреш МакМаффин	Булочка, котлета из свинины, сыр Чеддер, салат Айсберг, помидор, соус Мак Чикен	-1	https://eda.yandex/images/1380157/0589923c9cd2729b6058c55260c3daad-450x300.jpeg
Фреш МакМаффин МакКомбо Большой	МакКомбо Большой состоит из Фреш МакМаффина, Картофеля фри (бол.) или 2 Картофельных оладушков и Напитка на выбор. При изменении комплектации цена МакКомбо может измениться.	-1	https://eda.yandex/images/3456802/cd09a583791756ecf263994451ce0734-450x300.png
МакМаффин с яйцом и свиной котлетой	Булочка с яйцом, свиная котлета, сыр Чеддер	-1	https://eda.yandex/images/1380157/bba3f40a1e665dad5ecfc923c311d2b7-450x300.jpeg
МакМаффин с яйцом и свиной котлетой МакКомбо Большой	МакКомбо Большой состоит из МакМаффина с яйцом и свиной котлетой, Картофеля фри (бол.) или 2 Картофельных оладушков и Напитка на выбор. При изменении комплектации цена МакКомбо может измениться	-1	https://eda.yandex/images/3439767/bb22e8e445e833da589bdd96b8a8b493-450x300.png
Чикен Фреш МакМаффин	Булочка, куриная котлета, салат Айсберг, помидор, соус Мак Чикен	-1	https://eda.yandex/images/1368744/5630911c603427ecb3f2f4fbe2616376-450x300.jpeg
Чикен Фреш МакМаффин МакКомбо Большой	МакКомбо Большой состоит из Чикен Фреш МакМаффина, Картофеля фри (бол.) или 2 Картофельных оладушков и Напитка на выбор. При изменении комплектации цена МакКомбо может измениться.	-1	https://eda.yandex/images/3774488/89e28369d369b5d899b7e663aad700de-450x300.png
МакМаффин с яйцом и беконом	Булочка с яйцом, сыр Чеддер, бекон	-1	https://eda.yandex/images/1380157/a7847abf491b39dcf0c059fb94ea01cb-450x300.jpeg
МакМаффин с яйцом и беконом МакКомбо Большой	МакКомбо Большой состоит из МакМаффина с яйцом и беконом, Картофеля фри (бол.) или 2 Картофельных оладушков и Напитка на выбор. При изменении комплектации цена МакКомбо может измениться.	-1	https://eda.yandex/images/2750126/969cd5c6a75288840bbd94b6ae5f65cd-450x300.png
Макмаффин с Яйцом и Ветчиной	Новый МакМаффин с яйцом и ветчиной — это любимая горячая булочка (английский маффин) с яйцом, ломтиком сыра Чеддер и двумя слайсами ветчины.	-1	https://eda.yandex/images/1380157/56642906ed1b80b62426e0b740100011-450x300.jpeg
МакМаффин с яйцом и ветчиной МакКомбо Большой	МакКомбо Большой состоит из МакМаффина с яйцом и ветчиной, Картофеля фри (бол.) или 2 Картофельных оладушков и Напитка на выбор. При изменении комплектации цена МакКомбо может измениться.	-1	https://eda.yandex/images/3518584/22d69b6d722cd43b4bffcfe27272e9b0-450x300.png
МакМаффин со свиной котлетой	Булочка, свиная котлета, сыр Чеддер	-1	https://eda.yandex/images/1368744/c75a3712ec33bde5deb054071e76587a-450x300.jpeg
МакМаффин со свиной котлетой МакКомбо Большой	МакКомбо Большой состоит из МакМаффина со свиной котлетой, Картофеля фри (бол.) или 2 Картофельных оладушков и Напитка на выбор. При изменении комплектации цена МакКомбо может измениться.	-1	https://eda.yandex/images/3525402/8bd73592a54aed279259150e3426d3dc-450x300.png
Яичница	Жареные на гриле два яйца в сочетании с ароматными английскими булочками МакМаффин и джемом или мёдом по вкусу.	-1	https://eda.yandex/images/1368744/9d53b41017bfe3d2f84377fad196868e-450x300.jpeg
Яичница МакКомбо Большой	МакКомбо Большой состоит из Яичницы, Картофеля фри (бол.) или 2 Картофельных оладушков и Напитка на выбор. При изменении комплектации цена МакКомбо может измениться.	-1	https://eda.yandex/images/3774488/1b77a3aa7a29b97f9254dfe7f0dc5cd1-450x300.png
Омлет с беконом	Пышный омлет и хрустящий бекон в сочетании с ароматными английскими булочками МакМаффин с порцией джема или мёда.	-1	https://eda.yandex/images/2415806/776df710cd25cdb695c2ffd3a8c92436-450x300.jpeg
Омлет с беконом Большой МакКомбо	МакКомбо Большой состоит из Омлета с беконом, Картофеля фри (бол.) или 2 Картофельных оладушков и Напитка на выбор. При изменении комплектации цена МакКомбо может измениться.	-1	https://eda.yandex/images/3525402/eb31b6398d7fa618f5eec4c0fcae0d7d-450x300.png
Омлет с ветчиной	Пышный омлет и два ломтика ветчины в сочетании с ароматными английскими булочками МакМаффин с порцией джема или мёда	-1	https://eda.yandex/images/3531870/b94c83a3bf80783e6843fcdb730af717-450x300.jpeg
Омлет с ветчиной Большой МакКомбо	МакКомбо Большой состоит из Омлета с ветчиной, Картофеля фри (бол.) или 2 Картофельных оладушков и Напитка на выбор. При изменении комплектации цена МакКомбо может измениться.	-1	https://eda.yandex/images/3784951/33c918ea979f8b83b1fe0f7a5a724631-450x300.png
Омлет с сыром	Пышный омлет и плавленный сыр Чеддар в сочетании с ароматными английскими булочками МакМаффин с порцией джема или мёда	-1	https://eda.yandex/images/2370127/54622a0b8e5444611e557f218137d99a-450x300.jpeg
Омлет с сыром Большой МакКомбо	МакКомбо Большой состоит из Омлета с сыром, Картофеля фри (бол.) или 2 Картофельных оладушков и Напитка на выбор. При изменении комплектации цена МакКомбо может измениться.	-1	https://eda.yandex/images/3439028/3d1684a56113be4f1deb53fbb8d2ac94-450x300.png
Омлет	Омлет, порция джема или мёда	-1	https://eda.yandex/images/1387779/cb3340813864b3f0dd8709713d1abca9-450x300.jpeg
Омлет МакКомбо Большой	МакКомбо Большой состоит из Омлета, Картофеля фри (бол.) или 2 Картофельных оладушков и Напитка на выбор. При изменении комплектации цена МакКомбо может измениться.	-1	https://eda.yandex/images/3538649/b526d7144341eb82b1e70d9fe39ea586-450x300.png
Блины	Блины  из пшеничной муки, порция джема (клубничного или абрикосового) или мёда	-1	https://eda.yandex/images/1380157/d0ba86403a243ed833bd6e17fd9ad002-450x300.jpeg
МакМаффин с яйцом и сыром	Булочка с яйцом, сыр Чеддер	-1	https://eda.yandex/images/1380157/c563d871732f2b164db03796af1ec4ec-450x300.jpeg
МакМаффин с яйцом и сыром МакКомбо Большой	МакКомбо Большой состоит из МакМаффина с яйцом и сыром, Картофеля фри (бол.) или 2 Картофельных оладушков и Напитка на выбор. При изменении комплектации цена МакКомбо может измениться.	-1	https://eda.yandex/images/3581687/b715ddc23770f27ca2e8d6a87a3d1068-450x300.png
Рулетики с творогом, изюмом и курагой	Спринг-ролл, творог, изюм, курага	-1	https://eda.yandex/images/1387779/84e45fc5523b31ece095f73eaf1e7306-450x300.jpeg
Овсяная каша	Овсяная каша, сливки, вода	-1	https://eda.yandex/images/3807432/edbba16d08360f59056a2c2e734caea9-450x300.png
МакТост с ветчиной и сыром	Булочка, сыр Чеддер, ветчина	-1	https://eda.yandex/images/1368744/36055e96c74d1405e22fab23c13f499e-450x300.jpeg
Картофельный оладушек	Картофельная котлета, масло растительное	-1	https://eda.yandex/images/3806466/b21e53523bc129030ef77c109b606f30-450x300.png
МакТост с сыром	Булочка, сыр Чеддер	-1	https://eda.yandex/images/1380157/c6c4546017b8de8f12ab2cdd86161ccb-450x300.jpeg
Салфетка влажная		-1	https://eda.yandex/images/1387779/a0ebce14f47a9f6bd1735032419afe30-450x300.jpeg
Чикен Макнаггетс (6 шт.)	Обжаренное в растительном фритюре куриное мясо, в панировочных сухарях.	-1	https://eda.yandex/images/1380157/afa725df37be4beefd0b0f085c674f0e-450x300.jpeg
Чикен Макнаггетс 6 шт. МакКомбо Большой	МакКомбо Большой состоит из 6 Чикен Макнаггетс, Картофеля фри (бол.) или 2 Картофельных оладушков и Напитка на выбор. При изменении комплектации цена МакКомбо может измениться.	-1	https://eda.yandex/images/3809330/b700e7db58daf6a2bf9ce759246946ae-450x300.png
Чикен Макнаггетс (9 шт.)	Обжаренное в растительном фритюре куриное мясо, в панировочных сухарях.	-1	https://eda.yandex/images/1387779/ca50e56a911e9c77b0b33223f2a64a77-450x300.jpeg
Чикен Макнаггетс 9 шт. МакКомбо Большой	МакКомбо Большой состоит из 9 Чикен Макнаггетс, Картофеля фри (бол.) или 2 Картофельных оладушков и Напитка на выбор. При изменении комплектации цена МакКомбо может измениться.	-1	https://eda.yandex/images/3805363/7e5f779553b1e6b7ff904a1e3425f6d7-450x300.png
Чикен Макнаггетс (18 шт.)	Неподражаемые Чикен Макнаггетс – это сочное 100% белое куриное мясо в хрустящей панировке со специями. Только натуральная курочка без искусственных красителей и ароматизаторов и без консервантов	-1	https://eda.yandex/images/3472725/4afb840c0b281385919f3c22c4d436b9-450x300.jpeg
Наггетс Бокс	Неподражаемые Чикен МакНаггетс – 5 шт. Маленькая порция Картофеля фри	-1	https://eda.yandex/images/3735503/3c0592e36bb94a8207a704aa648ed89c-450x300.jpeg
Картофель Фри	Вкусные, обжаренные в растительном фритюре и слегка посоленные палочки картофеля	-1	https://eda.yandex/images/1387779/e6860d949709f6cf5625c8eaf79efcc2-450x300.jpeg
Картофельный оладушек	Картофельная котлета, масло растительное	-1	https://eda.yandex/images/3806466/b21e53523bc129030ef77c109b606f30-450x300.png
Яблочные дольки	Отборные, нарезанные дольками, свежие яблоки	-1	https://eda.yandex/images/3807631/984be034d673a1333d0c9e5d6472f67b-450x300.jpeg
Морковные палочки	Отборная, нарезанная палочками, свежая морковка	-1	https://eda.yandex/images/3525402/9fa7b10d49e82bd5cfef4c62aea11050-450x300.jpeg
Салфетка влажная		-1	https://eda.yandex/images/1387779/a0ebce14f47a9f6bd1735032419afe30-450x300.jpeg
Яблочное пюре Агуша	Фруктовое пюре	-1	https://eda.yandex/images/3559865/7c145882b95bab8618f2d74a383305c7-450x300.png
Донат с ванильным кремом	Аромантый донат с нежной начинкой из ванильного крема, покрытый белой и шоколадной глазурью	-1	https://eda.yandex/images/3491582/5369e2c6d5d09d45fea01197d21b10df-450x300.jpeg
Донат с шоколадным кремом	Нежный донат с шоколадно-кремовой начинкой, покрытый молочной и шоколадной глазурью	-1	https://eda.yandex/images/1380157/dbb9463e3493ce5da13308d6d3929d0d-450x300.jpeg
Макфлурри Вишневый пирог	Мороженое из цельного молока, взбитое с сочным топпингом с натуральными кусочками вишни и кубиками мягкого шоколадного бисквита	-1	https://eda.yandex/images/3559865/b0f8c9004feb06d11d22d361a723b579-450x300.jpeg
Макфлурри Де Люкс Клубнично-Шоколадное	Мороженое из натурального цельного молока, взбитое с клубничным наполнителем и с вафельно-шоколадной крошкой	-1	https://eda.yandex/images/3774488/408c4398f72d235df63489569602314e-450x300.jpeg
Макфлурри Де Люкс Карамельно-Шоколадное	Мороженое из натурального цельного молока, взбитое с добавкой сливочной помадки с вафельно-шоколадной крошкой	-1	https://eda.yandex/images/3580810/ab5285d3671f3f02e9c2f648d5ca579b-450x300.jpeg
Пирожок Лесная ягода	Пирожок Лесная ягода — горячий пирожок из слоеного теста с хрустящей корочкой и начинкой из ягод черники, малины, ежевики, клубники и смородины	-1	https://eda.yandex/images/3813301/c32109afa8004d09b31bc54b091fa64b-450x300.png
Пирожок Вишневый	Обжаренный во фритюре пирожок со сладкой начинкой из вишни	-1	https://eda.yandex/images/1380157/7b5ee9b3e84ba0c34480280354a1b188-450x300.jpeg
Салфетка влажная		-1	https://eda.yandex/images/1387779/a0ebce14f47a9f6bd1735032419afe30-450x300.jpeg
Клюква и изюм		-1	https://eda.yandex/images/1380157/3f05ba62cf2845bd75c19ee0f66e8905-450x300.jpeg
Клубничный джем		-1	https://eda.yandex/images/1387779/6e4c25127f54676f639c8745290dda5e-450x300.jpeg
Абрикосовый джем		-1	https://eda.yandex/images/1380157/a4769f79fd8f9bb02303b71e69b86323-450x300.jpeg
Мёд		-1	https://eda.yandex/images/1380157/ce767e9328a138f104f40683d1799258-450x300.jpeg
Соус Терияки	Классический  солоновато-сладкий соус  Азиатской  кухни на основе соевого соуса	-1	https://eda.yandex/images/1387779/b67e77b0ca42c29c3238704a22762f40-450x300.jpeg
Соус Чесночный	Пикантный соус с нежным сливочно-чесночным вкусом	-1	https://eda.yandex/images/1380157/74ae9cfa41ba13b25818fda5df2b76b6-450x300.jpeg
Соус Сырный		-1	https://eda.yandex/images/1368744/ddc1ca8e52e8ee5674214ef9cdd181fc-450x300.jpeg
Соус Кисло-Сладкий		-1	https://eda.yandex/images/1380157/7f7ddfbbf1c27f0a169147665a992887-450x300.jpeg
Соус Барбекю		-1	https://eda.yandex/images/1387779/e4ef5f4b7d55087baef2035214336fb8-450x300.jpeg
Соус Горчичный		-1	https://eda.yandex/images/1387779/5d4a98f78bea9b63f8164b550ae7debd-450x300.jpeg
Соус Тысяча Островов		-1	https://eda.yandex/images/1380298/ac236f6465b73f06b793668934163853-450x300.jpeg
Соус Сладкий Чили		-1	https://eda.yandex/images/1380157/dc89c409a43b53ed68fc47421c6a3b6a-450x300.jpeg
Кетчуп		-1	https://eda.yandex/images/1380298/3aac3ac9439ee29476251c277cf70ca9-450x300.jpeg
Молочный Коктейль Клубничный	Великолепно взбитый коктейль, приготовленный из высококачественной молочной смеси и клубничного сиропа (Средний 470 мл, Большой 600 мл)	-1	https://eda.yandex/images/3337779/9501bada7f49bf7eff783f09b1916691-450x300.jpeg
Молочный Коктейль Ванильный	Великолепно взбитый коктейль, приготовленный из высококачественной молочной смеси и ванильного сиропа (Средний 470 мл, Большой 600 мл)	-1	https://eda.yandex/images/3508859/9b27427887fd29a7e8e34037aa386dd5-450x300.jpeg
Молочный Коктейль Шоколадный	Великолепно взбитый коктейль, приготовленный из высококачественной молочной смеси и шоколадного сиропа (Средний 470 мл, Большой 600 мл)	-1	https://eda.yandex/images/3528285/59813bff141750cfd3f17b48c7e3a726-450x300.jpeg
Выгодная Пара с Капучино	Два Капучино 300 мл по специальной цене	-1	https://eda.yandex/images/3502728/b533e5b51f7fa8d9d94f3652f0836446-450x300.png
Выгодная Пара с Латте	Два Латте 300 мл по специальной цене	-1	https://eda.yandex/images/3513074/8ac6274a30cbd05c5d86882e1161de4c-450x300.png
Латте	Молочный напиток с тонким ароматом эспрессо и нежной молочной пеной (Средний 300 мл, Большой 400 мл)	-1	https://eda.yandex/images/3595381/a7558362f56f6da05faefcffcff027b8-450x300.jpeg
Капучино Кленовый пекан	Молочный напиток с тонким ароматом эспрессо и плотной шапкой молочной пены со вкусом кленового сиропа и ореха пекан	-1	https://eda.yandex/images/2750126/9c7d5eacad828d7728db097c396d9866-450x300.png
Пунш Пряная вишня-Смородина	Согревающий напиток на основе натурального пюре из ягод вишни и черной смородины с легкой ноткой пряности	-1	https://eda.yandex/images/3770794/d6db1ead52c908d4449a62717e729d08-450x300.png
Капучино	Молочный напиток с тонким ароматом эспрессо и плотной шапкой молочной пены (Средний 300 мл, Большой 400 мл)	-1	https://eda.yandex/images/3806023/d72ad58c300a729c3990e9421a90d9e3-450x300.jpeg
Американо	Чёрный кофе на основе порции эспрессо и горячей воды (Средний 300 мл, Большой 400 мл)	-1	https://eda.yandex/images/3809330/cadf38fa3573ef9ded8e8d79603445ba-450x300.jpeg
Чай черный Эрл Грей	Чай черный с бергамотом Эрл Грей (Средний 300 мл)	-1	https://eda.yandex/images/3583862/0cfc46323f484a6932d13b8acde46800-450x300.jpeg
Чай черный	Чай черный (Средний 300 мл)	-1	https://eda.yandex/images/3436037/c051e7c09ac844987cce61a7e0f47902-450x300.jpeg
Чай зеленый	Чай зеленый (Средний 300 мл)	-1	https://eda.yandex/images/3490335/7a591336d5ad293962259ea532e1e854-450x300.jpeg
Питьевая вода Аква Минерале газированная	Минеральная вода с газом (500 мл)	-1	https://eda.yandex/images/1370147/ac6d9c3fe37c6617501f42d1204b96a3-450x300.jpeg
Питьевая вода Аква Минерале негазированная	Минеральная вода без газа (500 мл)	-1	https://eda.yandex/images/1368744/ac8e8cebf5da90a06018e010017815a3-450x300.jpeg
Молоко	Молоко стерилизованное, классическое, жирность 3.5%, 200 мл	-1	https://eda.yandex/images/1368744/d04a5880a7c571245f8ef5ce4f29e726-450x300.jpeg
Кока-Кола	Прохладительный газированный напиток (Средний 400 мл, Большой 500 мл)	-1	https://eda.yandex/images/2394388/bb1392faa1b4602b9a559e36b78470ba-450x300.jpeg
Кока-Кола Без сахара	Прохладительный газированный напиток (Средний 400 мл, Большой 500 мл)	-1	https://eda.yandex/images/2394388/bb1392faa1b4602b9a559e36b78470ba-450x300.jpeg
Спрайт	Прохладительный газированный напиток (Средний 400 мл, Большой 500 мл)	-1	https://eda.yandex/images/3502728/c159a595e726212c51d57dec7d7e7e47-450x300.jpeg
Фанта	Прохладительный газированный напиток (Средний 400 мл, Большой 500 мл)	-1	https://eda.yandex/images/3439028/3e383fcd73a9855d7d653b321f964fc3-450x300.jpeg
Апельсиновый сок	Свежевосстановленный апельсиновый сок (Средний 470 мл, Большой 600 мл)	-1	https://eda.yandex/images/3749380/2681e3356e55ff13d0c35cf2819b3d74-450x300.jpeg
Липтон Айс Ти - Лимон	Прохладительный напиток (Средний 400 мл, Большой 500 мл)	-1	https://eda.yandex/images/3490335/1019d565b6dc75aab208c3e8bcde43e2-450x300.jpeg
Липтон Айс Ти - Зеленый Чай	Прохладительный напиток (Средний 400 мл, Большой 500 мл)	-1	https://eda.yandex/images/3490902/ac6f397a0ec79d8bfd47651eee9c24f3-450x300.jpeg
Яблочный Сок	Свежевосстановленный яблочный сок (Средний 470 мл, Большой 600 мл)	-1	https://eda.yandex/images/3798638/267cba94ca4cbd23d9277358b2ac2be6-450x300.jpeg
МакЗавтрак Гранд (с Двойным Фреш МакМаффином)	Двойной МакМаффин с яйцом и свиной котлетой — 1 шт., Двойной Фреш МакМаффин— 1 шт, Картофельный оладушек — 2 шт., Капучино Гранд(0,4)— 2 шт.	-1	https://eda.yandex/images/3609085/62e1216be42c39001c311826c99909d7-450x300.png
МакМаффин Сет (с МакМаффином с яйцом и свиной котлетой)	Картофельный оладушек - 3 шт., МакМаффин с яйцом и свиной котлетой - 1 шт., Двойной МакМаффин с яйцом и свиной котлетой - 1 шт., Двойной Фреш МакМаффин - 1 шт.	-1	https://eda.yandex/images/3508185/2d131f904e7b26aebcf515e53ad35eff-450x300.png
Выгодная Пара с Латте	Два Латте 300 мл по специальной цене	-1	https://eda.yandex/images/3513074/8ac6274a30cbd05c5d86882e1161de4c-450x300.png
Выгодная Пара с Капучино	Два Капучино 300 мл по специальной цене	-1	https://eda.yandex/images/3502728/b533e5b51f7fa8d9d94f3652f0836446-450x300.png
Завтрак Хэппи Мил  с игрушкой		-1	https://eda.yandex/images/3531870/f7a3347a01365dcfedee2061e55cea71-450x300.png
Хэппи Мил Стандартный	Хэппи Мил Стандартный Том и Джерри	-1	https://eda.yandex/images/3559865/dc11256647e3d3a80ec172b0f288f3d7-450x300.png
Хэппи Мил Завтрак с игрушкой	Хэппи Мил Завтрак с игрушкой Космический Джем	-1	https://eda.yandex/images/3770794/09e88e3efeba3828473026a2b0e736f9-450x300.png
Завтрак Хэппи Мил с Блинами и игрушкой		-1	https://eda.yandex/images/3508185/a3469683b76890fb0d6c1a9812ffbec6-450x300.png
Хэппи Мил с Блинами	Хэппи Мил с Блинами Том и Джерри	-1	https://eda.yandex/images/3806466/f93655fb76f2d3d809d5efb6b4d49b53-450x300.png
Хэппи Мил с Блинами	Хэппи Мил с Блинами Космический Джем	-1	https://eda.yandex/images/3702558/ff8bec3567b1fec40914467ad23a5413-450x300.png
Игрушка из серии Мир Юрского периода	Игрушка Хэппи Мил в ассортименте	-1	https://eda.yandex/images/3568095/63582cf112a5afdf84f2c54722c17ad1-450x300.png
ИГРУШКА Том и Джерри	Игрушка Том и Джерри в ассортименте	-1	https://eda.yandex/images/2415806/99b91103f546657777de9e516983fbeb-450x300.png
Игрушка из серии Космический Джем	Игрушка Хэппи Мил в ассортименте	-1	https://eda.yandex/images/3506707/f42e807a2c53dfefc163344321461850-450x300.png
Книжка Детективы Коротышки	Книжка Детективы Коротышки в ассортименте	-1	https://eda.yandex/images/1962206/2a55d0b8b0092bfab58573e5198d01cf-450x300.png
Хэппи Мил Стандартный	Хэппи Мил Стандартный Детективы Коротышки	-1	https://eda.yandex/images/2796335/fbf13907529c3db17032350eee58cb8f-450x300.jpeg
Хэппи Мил с Блинами	Хэппи Мил с Блинами Детективы Коротышки	-1	https://eda.yandex/images/3806315/d3f8efc0ef93312504a5013f5e6ef162-450x300.jpeg
Игрушка Вся правда о медведях	Игрушка Хэппи Мил в ассортименте	-1	https://eda.yandex/images/1368744/caa1e6b517881da1bf9b3aa69825d94f-450x300.png
Игрушка Тинни Тай	Игрушка Хэппи Мил в ассортименте	-1	https://eda.yandex/images/1370147/5238a8639f5045fb18205d91ccd79fe9-450x300.png
Завтрак Хэппи Мил  с игрушкой	Завтрак Хэппи Мил  с игрушкой Лего Фильм	-1	https://eda.yandex/images/3191933/659551d4d18dbe0dc7ca18303e9ec461-450x300.png
Игрушка Лего Фильм	Игрушка Хэппи Мил в ассортименте	-1	https://eda.yandex/images/1380157/febb77ebcaea1ce98c10b3d17d018913-450x300.png
Завтрак Хэппи Мил  с Блинами и игрушкой	Завтрак Хэппи Мил  с Блинами и игрушкой Лего Фильм	-1	https://eda.yandex/images/3559865/da83df1b0d9552f2ad0701453fe94947-450x300.png
Морковные палочки	Отборная, нарезанная палочками, свежая морковка	-1	https://eda.yandex/images/3525402/9fa7b10d49e82bd5cfef4c62aea11050-450x300.jpeg
Яблочные дольки	Отборные, нарезанные дольками, свежие яблоки	-1	https://eda.yandex/images/3807631/984be034d673a1333d0c9e5d6472f67b-450x300.jpeg
Яблочное пюре Агуша	Фруктовое пюре	-1	https://eda.yandex/images/3559865/7c145882b95bab8618f2d74a383305c7-450x300.png
